0 , 0.0898208, -0.173105, -1.29704
0 , 0.0891356, -0.173054, -1.29727
0 , 0.0891356, -0.173054, -1.29727
0.0037271 , 0.0891356, -0.173054, -1.29727
0.0037271 , 0.0891356, -0.173054, -1.29727
0.0037271 , 0.0884503, -0.173004, -1.2975
0.0037271 , 0.0884503, -0.173004, -1.2975
0.0076655 , 0.0885213, -0.172044, -1.2975
0.0076655 , 0.0878673, -0.171996, -1.29846
0.0076655 , 0.0864963, -0.171895, -1.29892
0.0109048 , 0.0858417, -0.171847, -1.29987
0.0109048 , 0.085156, -0.171796, -1.3001
0.0109048 , 0.084501, -0.171748, -1.30105
0.0109048 , 0.083815, -0.171697, -1.30128
0.0147451 , 0.0831994, -0.170689, -1.3015
0.0147451 , 0.0832299, -0.170692, -1.30223
0.0173787 , 0.082574, -0.170644, -1.30318
0.0173787 , 0.082574, -0.170644, -1.30318
0.0173787 , 0.082604, -0.170646, -1.30391
0.0201884 , 0.082674, -0.169689, -1.30391
0.0201884 , 0.0819877, -0.169639, -1.30413
0.0201884 , 0.0813709, -0.168632, -1.30436
0.0201884 , 0.0813709, -0.168632, -1.30436
0.0237986 , 0.0807141, -0.168585, -1.30531
0.0237986 , 0.0807832, -0.167628, -1.30531
0.0237986 , 0.080126, -0.167581, -1.30626
0.0267407 , 0.0794684, -0.167534, -1.30721
0.0267407 , 0.0787816, -0.167484, -1.30744
0.0267407 , 0.0788791, -0.166531, -1.30816
0.0300842 , 0.0781922, -0.166482, -1.30839
0.0300842 , 0.0782207, -0.166484, -1.30911
0.0324387 , 0.077602, -0.165479, -1.30934
0.0324387 , 0.0769431, -0.165432, -1.31029
0.0324387 , 0.0762838, -0.165385, -1.31124
0.0355573 , 0.0763516, -0.164431, -1.31124
0.0355573 , 0.0756919, -0.164384, -1.31219
0.0355573 , 0.0756919, -0.164384, -1.31219
0.0355573 , 0.0750992, -0.163384, -1.31313
0.0386954 , 0.0750992, -0.163384, -1.31313
0.0386954 , 0.0744388, -0.163337, -1.31408
0.0386954 , 0.0745325, -0.162385, -1.31481
0.0418601 , 0.0738713, -0.162339, -1.31576
0.0418601 , 0.0738713, -0.162339, -1.31576
0.0444635 , 0.0732097, -0.162293, -1.3167
0.0444635 , 0.0732356, -0.162295, -1.31743
0.0444635 , 0.0725733, -0.162248, -1.31838
0.0476528 , 0.0719107, -0.162202, -1.31932
0.0476528 , 0.0713142, -0.161203, -1.32027
0.0476528 , 0.0713142, -0.161203, -1.32027
0.05049 , 0.0706508, -0.161157, -1.32122
0.05049 , 0.0706508, -0.161157, -1.32122
0.05049 , 0.0706751, -0.161159, -1.32194
0.0532683 , 0.0701009, -0.160162, -1.32361
0.0532683 , 0.0701009, -0.160162, -1.32361
0.0532683 , 0.0694126, -0.160115, -1.32384
0.0532683 , 0.0694126, -0.160115, -1.32384
0.0570032 , 0.0687709, -0.16007, -1.32551
0.0570032 , 0.0687709, -0.16007, -1.32551
0.0570032 , 0.0687938, -0.160072, -1.32623
0.0598489 , 0.0687938, -0.160072, -1.32623
0.0598489 , 0.0688164, -0.160073, -1.32696
0.062706 , 0.0688164, -0.160073, -1.32696
0.062706 , 0.0681502, -0.160027, -1.3279
0.062706 , 0.0681502, -0.160027, -1.3279
0.062706 , 0.0681722, -0.160029, -1.32863
0.0657578 , 0.0681722, -0.160029, -1.32863
0.0657578 , 0.0681939, -0.16003, -1.32935
0.0686644 , 0.0675268, -0.159984, -1.3303
0.0686644 , 0.0675268, -0.159984, -1.3303
0.0686644 , 0.0675479, -0.159986, -1.33102
0.0686644 , 0.0675687, -0.159987, -1.33175
0.0720894 , 0.0675687, -0.159987, -1.33175
0.0720894 , 0.0675892, -0.159988, -1.33247
0.074598 , 0.0675232, -0.160939, -1.33247
0.074598 , 0.0675232, -0.160939, -1.33247
0.074598 , 0.0675232, -0.160939, -1.33247
0.0776337 , 0.0675435, -0.160941, -1.3332
0.0776337 , 0.0675435, -0.160941, -1.3332
0.0776337 , 0.0675435, -0.160941, -1.3332
0.080787 , 0.0675435, -0.160941, -1.3332
0.080787 , 0.0675435, -0.160941, -1.3332
0.080787 , 0.0674771, -0.161891, -1.3332
0.0836806 , 0.0674771, -0.161891, -1.3332
0.0836806 , 0.0674771, -0.161891, -1.3332
0.0836806 , 0.0674771, -0.161891, -1.3332
0.0864399 , 0.0674771, -0.161891, -1.3332
0.0864399 , 0.0674771, -0.161891, -1.3332
0.0864399 , 0.0674771, -0.161891, -1.3332
0.0895422 , 0.0674569, -0.16189, -1.33247
0.0895422 , 0.0674569, -0.16189, -1.33247
0.0895422 , 0.0674569, -0.16189, -1.33247
0.092502 , 0.0674569, -0.16189, -1.33247
0.092502 , 0.0674363, -0.161889, -1.33175
0.092502 , 0.0674363, -0.161889, -1.33175
0.0952088 , 0.0674363, -0.161889, -1.33175
0.0952088 , 0.0674155, -0.161887, -1.33102
0.0952088 , 0.0674155, -0.161887, -1.33102
0.0985928 , 0.0673944, -0.161886, -1.3303
0.0985928 , 0.0673944, -0.161886, -1.3303
0.0985928 , 0.067373, -0.161884, -1.32957
0.101315 , 0.0680398, -0.161931, -1.32863
0.101315 , 0.0680398, -0.161931, -1.32863
0.101315 , 0.0680178, -0.161929, -1.3279
0.104434 , 0.0679955, -0.161928, -1.32718
0.104434 , 0.0679955, -0.161928, -1.32718
0.104434 , 0.0679729, -0.161926, -1.32645
0.107623 , 0.0679501, -0.161925, -1.32573
0.107623 , 0.0679269, -0.161923, -1.325
0.107623 , 0.0679034, -0.161921, -1.32428
0.110447 , 0.0679034, -0.161921, -1.32428
0.110447 , 0.0678796, -0.16192, -1.32355
0.110447 , 0.0678556, -0.161918, -1.32283
0.113782 , 0.0678066, -0.161915, -1.32138
0.113782 , 0.0677816, -0.161913, -1.32065
0.113782 , 0.0677564, -0.161911, -1.31993
0.116223 , 0.0677308, -0.161909, -1.3192
0.116223 , 0.067705, -0.161907, -1.31848
0.116223 , 0.0676789, -0.161906, -1.31775
0.119434 , 0.0676525, -0.161904, -1.31703
0.119434 , 0.0675987, -0.1619, -1.31558
0.119434 , 0.0675714, -0.161898, -1.31485
0.122523 , 0.0675438, -0.161896, -1.31413
0.122523 , 0.0675159, -0.161894, -1.3134
0.122523 , 0.0674877, -0.161892, -1.31268
0.125449 , 0.0674305, -0.161888, -1.31123
0.125449 , 0.0674014, -0.161886, -1.3105
0.125449 , 0.0666835, -0.161836, -1.31
0.128089 , 0.0666538, -0.161834, -1.30927
0.128089 , 0.0665936, -0.16183, -1.30782
0.128089 , 0.0665631, -0.161827, -1.3071
0.131188 , 0.0665322, -0.161825, -1.30637
0.131188 , 0.0664696, -0.161821, -1.30492
0.131188 , 0.0664379, -0.161819, -1.3042
0.134351 , 0.0663736, -0.161814, -1.30275
0.134351 , 0.0663409, -0.161812, -1.30203
0.136954 , 0.0663412, -0.160857, -1.30058
0.136954 , 0.0663077, -0.160855, -1.29985
0.136954 , 0.0662398, -0.16085, -1.2984
0.136954 , 0.0662054, -0.160848, -1.29768
0.140346 , 0.0661357, -0.160843, -1.29623
0.140346 , 0.0661004, -0.16084, -1.2955
0.140346 , 0.066029, -0.160835, -1.29405
0.143064 , 0.0659928, -0.160833, -1.29333
0.143064 , 0.0659196, -0.160828, -1.29188
0.145742 , 0.0658453, -0.160822, -1.29043
0.145742 , 0.0658736, -0.15987, -1.28971
0.145742 , 0.0657974, -0.159865, -1.28826
0.145742 , 0.0657201, -0.159859, -1.28681
0.149241 , 0.065681, -0.159856, -1.28608
0.149241 , 0.0656019, -0.159851, -1.28464
0.149241 , 0.0655619, -0.159848, -1.28391
0.152132 , 0.065481, -0.159843, -1.28246
0.152132 , 0.0653989, -0.159837, -1.28101
0.152132 , 0.0653575, -0.159834, -1.28029
0.155383 , 0.0653392, -0.158878, -1.27884
0.155383 , 0.0652542, -0.158873, -1.27739
0.157807 , 0.065168, -0.158867, -1.27594
0.157807 , 0.0651245, -0.158864, -1.27522
0.157807 , 0.0650365, -0.158858, -1.27377
0.160793 , 0.0649474, -0.158851, -1.27232
0.160793 , 0.0648571, -0.158845, -1.27088
0.160793 , 0.0648307, -0.157889, -1.26943
0.160793 , 0.0647845, -0.157886, -1.2687
0.164279 , 0.0646913, -0.15788, -1.26726
0.164279 , 0.0646913, -0.15788, -1.26726
0.166942 , 0.0645012, -0.157867, -1.26436
0.166942 , 0.0644691, -0.156911, -1.26291
0.166942 , 0.0643712, -0.156904, -1.26146
0.169798 , 0.0643217, -0.156901, -1.26074
0.169798 , 0.0642863, -0.155944, -1.25929
0.169798 , 0.0641854, -0.155938, -1.25785
0.172893 , 0.0640833, -0.155931, -1.2564
0.172893 , 0.0640439, -0.154974, -1.25495
0.172893 , 0.0639395, -0.154967, -1.2535
0.17586 , 0.0638338, -0.15496, -1.25206
0.17586 , 0.0631018, -0.153958, -1.25083
0.17586 , 0.0629938, -0.153951, -1.24938
0.178519 , 0.0628846, -0.153944, -1.24794
0.178519 , 0.0628374, -0.152987, -1.24649
0.178519 , 0.0627258, -0.15298, -1.24504
0.181894 , 0.0626758, -0.152024, -1.2436
0.181894 , 0.0625619, -0.152016, -1.24215
0.181894 , 0.0624468, -0.152009, -1.2407
0.184782 , 0.0623929, -0.151052, -1.23926
0.184782 , 0.0615866, -0.150999, -1.23803
0.184782 , 0.0615299, -0.150043, -1.23659
0.187421 , 0.0614101, -0.150036, -1.23514
0.187421 , 0.0612891, -0.150028, -1.23369
0.187421 , 0.0612285, -0.149072, -1.23225
0.190698 , 0.0611051, -0.149064, -1.2308
0.190698 , 0.0610417, -0.148108, -1.22936
0.190698 , 0.060227, -0.148055, -1.22813
0.19369 , 0.060097, -0.147095, -1.22596
0.19369 , 0.0599683, -0.147087, -1.22452
0.19369 , 0.0598988, -0.146131, -1.22307
0.19369 , 0.0590787, -0.146079, -1.22185
0.19704 , 0.0589465, -0.146071, -1.2204
0.19704 , 0.0588059, -0.145111, -1.21823
0.199484 , 0.0587303, -0.144155, -1.21679
0.199484 , 0.0579047, -0.144104, -1.21556
0.199484 , 0.0578263, -0.143148, -1.21412
0.20243 , 0.0569285, -0.143092, -1.21217
0.20243 , 0.0568468, -0.142137, -1.21073
0.20243 , 0.0567052, -0.142129, -1.20928
0.205701 , 0.0558593, -0.141127, -1.20734
0.205701 , 0.0557726, -0.140172, -1.20589
0.205701 , 0.054864, -0.140117, -1.20395
0.208321 , 0.0547739, -0.139162, -1.2025
0.208321 , 0.0546253, -0.139153, -1.20106
0.208321 , 0.0537674, -0.138153, -1.19911
0.211361 , 0.0529825, -0.137157, -1.19789
0.211361 , 0.0528091, -0.136199, -1.19572
0.211361 , 0.0525769, -0.136185, -1.19356
0.214722 , 0.0517864, -0.135191, -1.19233
0.214722 , 0.0516051, -0.134232, -1.19017
0.214722 , 0.0514459, -0.134223, -1.18873
0.217644 , 0.0505697, -0.133225, -1.18678
0.217644 , 0.0504621, -0.132272, -1.18534
0.217644 , 0.0502708, -0.131314, -1.18318
0.220251 , 0.0493862, -0.130317, -1.18123
0.220251 , 0.0492727, -0.129364, -1.17979
0.220251 , 0.0483828, -0.128368, -1.17785
0.223358 , 0.0481802, -0.127411, -1.17568
0.223358 , 0.0479745, -0.126454, -1.17352
0.223358 , 0.0470753, -0.125459, -1.17158
0.226366 , 0.0469516, -0.124507, -1.17014
0.226366 , 0.0467377, -0.123551, -1.16798
0.226366 , 0.0465207, -0.122594, -1.16582
0.229137 , 0.0463007, -0.121638, -1.16366
0.229137 , 0.0460777, -0.120681, -1.1615
0.229137 , 0.0451609, -0.119689, -1.15956
0.232423 , 0.0449318, -0.118733, -1.1574
0.232423 , 0.0447935, -0.117782, -1.15596
0.232423 , 0.0445592, -0.116826, -1.1538
0.235324 , 0.0443219, -0.11587, -1.15164
0.235324 , 0.0440815, -0.114914, -1.14949
0.235324 , 0.0438847, -0.113018, -1.14733
0.238677 , 0.042947, -0.112028, -1.14539
0.238677 , 0.0426971, -0.111073, -1.14323
0.238677 , 0.0424442, -0.110118, -1.14108
0.241106 , 0.0422329, -0.108223, -1.13892
0.241106 , 0.0419735, -0.107269, -1.13677
0.241106 , 0.04102, -0.106282, -1.13483
0.244269 , 0.0407545, -0.105328, -1.13267
0.244269 , 0.040486, -0.104374, -1.13052
0.244269 , 0.0402145, -0.10342, -1.12837
0.247535 , 0.0399818, -0.101527, -1.12621
0.247535 , 0.0397038, -0.100573, -1.12406
0.247535 , 0.0394228, -0.0996199, -1.12191
0.250237 , 0.0391791, -0.0977275, -1.11976
0.250237 , 0.0388917, -0.0967745, -1.1176
0.250237 , 0.0384905, -0.095817, -1.11474
0.253064 , 0.0381961, -0.0948643, -1.11258
0.253064 , 0.0379371, -0.0929732, -1.11043
0.253064 , 0.0376362, -0.0920209, -1.10828
0.25614 , 0.0373324, -0.0910688, -1.10614
0.25614 , 0.0370254, -0.0901168, -1.10399
0.259064 , 0.0364025, -0.0882134, -1.09969
0.259064 , 0.0364025, -0.0882134, -1.09969
0.259064 , 0.0354309, -0.0862979, -1.09776
0.261896 , 0.0351115, -0.0853471, -1.09561
0.261896 , 0.034789, -0.0843964, -1.09346
0.261896 , 0.0344977, -0.0825087, -1.09132
0.261896 , 0.0341688, -0.0815585, -1.08917
0.265044 , 0.0337146, -0.0806042, -1.08631
0.265044 , 0.033502, -0.0796588, -1.08488
0.268001 , 0.0331963, -0.0777725, -1.08274
0.268001 , 0.0328549, -0.0768233, -1.08059
0.268001 , 0.0323847, -0.0758701, -1.07773
0.270644 , 0.0314716, -0.0749027, -1.07652
0.270644 , 0.0311212, -0.0739543, -1.07438
0.270644 , 0.0307678, -0.0730062, -1.07223
0.270644 , 0.0304408, -0.0711228, -1.07009
0.27443 , 0.030081, -0.0701753, -1.06795
0.27443 , 0.0290264, -0.0692069, -1.06602
0.27443 , 0.0286605, -0.0682601, -1.06388
0.277138 , 0.0275998, -0.0672931, -1.06196
0.277138 , 0.0272279, -0.0663471, -1.05982
0.277138 , 0.026853, -0.0654013, -1.05768
0.280263 , 0.0265014, -0.0635219, -1.05554
0.280263 , 0.0254281, -0.0625577, -1.05362
0.282867 , 0.0250437, -0.0616131, -1.05148
0.282867 , 0.0246564, -0.0606687, -1.04934
0.282867 , 0.023574, -0.0597065, -1.04742
0.285783 , 0.0233201, -0.0587665, -1.046
0.285783 , 0.0222324, -0.0578056, -1.04407
0.285783 , 0.0218339, -0.0568629, -1.04194
0.285783 , 0.0207401, -0.0559033, -1.04002
0.28936 , 0.0203356, -0.0549614, -1.03788
0.28936 , 0.0193793, -0.0540067, -1.03667
0.291945 , 0.0189913, -0.0521348, -1.03454
0.291945 , 0.0178857, -0.0511785, -1.03262
0.291945 , 0.0174697, -0.0502384, -1.03049
0.294889 , 0.0165048, -0.0492867, -1.02928
0.294889 , 0.015391, -0.0483327, -1.02736
0.294889 , 0.014274, -0.0473795, -1.02544
0.298063 , 0.0138468, -0.0464415, -1.02331
0.298063 , 0.0128737, -0.0454928, -1.0221
0.298063 , 0.0117666, -0.043614, -1.02018
0.300765 , 0.0107892, -0.0426674, -1.01898
0.300765 , 0.00965825, -0.0417187, -1.01706
0.300765 , 0.00867708, -0.0407736, -1.01585
0.303625 , 0.00754078, -0.0398267, -1.01393
0.303625 , 0.00655575, -0.0388833, -1.01272
0.303625 , 0.00541415, -0.0379381, -1.01081
0.306965 , 0.00442527, -0.0369963, -1.0096
0.306965 , 0.00343474, -0.0360553, -1.00839
0.306965 , 0.00228564, -0.0351127, -1.00647
0.309879 , 0.00130513, -0.0332499, -1.00527
0.309879 , -0.000385295, -0.0323018, -1.00427
0.309879 , -0.0013834, -0.0313649, -1.00306
0.312507 , -0.00323699, -0.0304171, -1.00135
0.312507 , -0.00422709, -0.0285608, -1.00014
0.312507 , -0.00523114, -0.027627, -0.998931
0.31557 , -0.00693146, -0.0266857, -0.997928
0.31557 , -0.00863367, -0.0257459, -0.996924
0.31557 , -0.00964277, -0.0248151, -0.995715
0.318663 , -0.0106535, -0.0238851, -0.994505
0.318663 , -0.0123518, -0.0220309, -0.9935
0.318663 , -0.0140615, -0.0210967, -0.992494
0.318663 , -0.0157732, -0.020164, -0.991487
0.322166 , -0.0167833, -0.0183225, -0.990277
0.322166 , -0.0184989, -0.0173929, -0.989268
0.324759 , -0.0202164, -0.0164647, -0.988259
0.324759 , -0.0212334, -0.0146286, -0.987048
0.324759 , -0.0229549, -0.0137037, -0.986038
0.32756 , -0.0245099, -0.0127811, -0.985733
0.32756 , -0.0262298, -0.0109467, -0.984721
0.32756 , -0.0279566, -0.0100267, -0.983708
0.330878 , -0.0295156, -0.00910873, -0.983399
0.330878 , -0.0312424, -0.00728129, -0.982385
0.330878 , -0.032804, -0.00636663, -0.982074
0.333562 , -0.0338402, -0.00545455, -0.980861
0.333562 , -0.0360997, -0.00363264, -0.980745
0.333562 , -0.037139, -0.0027232, -0.979531
0.336421 , -0.0388771, -0.000907018, -0.978512
0.336421 , -0.0404451, 0, -0.978197
0.336421 , -0.0420141, 0.000905728, -0.977881
0.339712 , -0.0437584, 0.00271503, -0.976859
0.339712 , -0.04533, 0.00361746, -0.976541
0.339712 , -0.0469046, 0.00542231, -0.976222
0.342385 , -0.0486531, 0.00632101, -0.975197
0.342385 , -0.0502314, 0.00812118, -0.974876
0.342385 , -0.0518079, 0.00901706, -0.974553
0.345237 , -0.0535611, 0.00991085, -0.973526
0.345237 , -0.0551444, 0.0117044, -0.973201
0.345237 , -0.0567245, 0.0125957, -0.972876
0.348558 , -0.0583112, 0.0143846, -0.972549
0.348558 , -0.0598935, 0.0152726, -0.972222
0.348558 , -0.0616542, 0.016158, -0.971189
0.348558 , -0.0632459, 0.0179404, -0.97086
0.352337 , -0.0641315, 0.0188298, -0.970343
0.352337 , -0.0664185, 0.0197058, -0.970197
0.354366 , -0.0680149, 0.0214816, -0.969864
0.354366 , -0.0696039, 0.0223604, -0.96953
0.354366 , -0.0704931, 0.0232453, -0.969011
0.357544 , -0.0727948, 0.0250071, -0.968859
0.357544 , -0.073686, 0.0258897, -0.968339
0.357544 , -0.0759802, 0.0267542, -0.968183
0.360709 , -0.0768844, 0.0285261, -0.967662
0.360709 , -0.0791811, 0.0293865, -0.967503
0.360709 , -0.0800758, 0.0302646, -0.966981
0.363758 , -0.0816859, 0.0320213, -0.966639
0.363758 , -0.0847018, 0.0337534, -0.966655
0.363758 , -0.0847018, 0.0337534, -0.966655
0.366431 , -0.0863162, 0.0355037, -0.966309
0.366431 , -0.0879173, 0.0363644, -0.965963
0.366431 , -0.0893372, 0.037227, -0.966318
0.369491 , -0.0909558, 0.0389708, -0.965969
0.369491 , -0.0925598, 0.039827, -0.965619
0.369491 , -0.0946848, 0.0406721, -0.966146
0.372786 , -0.0955874, 0.041539, -0.965619
0.372786 , -0.0979147, 0.0432602, -0.96544
0.372786 , -0.0993391, 0.044114, -0.965787
0.375358 , -0.100948, 0.0449628, -0.965432
0.375358 , -0.102373, 0.0458142, -0.965777
0.375358 , -0.104003, 0.0475407, -0.965419
0.378236 , -0.10543, 0.0483891, -0.965762
0.378236 , -0.106858, 0.0492363, -0.966103
0.378236 , -0.109174, 0.0500616, -0.965912
0.381653 , -0.109899, 0.0509229, -0.966081
0.381653 , -0.112055, 0.0526263, -0.966588
0.381653 , -0.113486, 0.0534679, -0.966924
0.38468 , -0.114917, 0.0543083, -0.96726
0.38468 , -0.116556, 0.0560178, -0.966892
0.38468 , -0.118694, 0.0568364, -0.967391
0.387364 , -0.120128, 0.0576723, -0.967722
0.387364 , -0.121562, 0.058507, -0.968052
0.387364 , -0.123727, 0.060193, -0.968545
0.390497 , -0.125163, 0.0610245, -0.968872
0.390497 , -0.1266, 0.0618548, -0.969199
0.390497 , -0.128037, 0.0626839, -0.969524
0.393637 , -0.130207, 0.0643602, -0.970009
0.393637 , -0.131645, 0.0651861, -0.970331
0.393637 , -0.133791, 0.0659887, -0.970812
0.396731 , -0.135231, 0.0668119, -0.971131
0.396731 , -0.136487, 0.0676399, -0.97215
0.396731 , -0.138664, 0.0693039, -0.972625
0.399348 , -0.140106, 0.0701228, -0.97294
0.399348 , -0.141549, 0.0709405, -0.973254
0.399348 , -0.143699, 0.0717328, -0.973723
0.402374 , -0.144989, 0.0734176, -0.974736
0.402374 , -0.147142, 0.0742059, -0.975201
0.402374 , -0.149295, 0.0749925, -0.975662
0.405526 , -0.150558, 0.0758095, -0.976671
0.405526 , -0.152712, 0.0765928, -0.977128
0.405526 , -0.154717, 0.0782406, -0.978285
0.408334 , -0.156165, 0.0790463, -0.978587
0.408334 , -0.15814, 0.0798308, -0.97974
0.411086 , -0.15959, 0.080634, -0.980039
0.411086 , -0.161599, 0.082272, -0.981187
0.411086 , -0.163051, 0.083072, -0.981483
0.411086 , -0.165029, 0.0838496, -0.982627
0.414667 , -0.166299, 0.0846544, -0.983622
0.414667 , -0.168315, 0.0862828, -0.984762
0.414667 , -0.170478, 0.0870472, -0.985197
0.417226 , -0.172461, 0.0878176, -0.986332
0.417226 , -0.174445, 0.0885864, -0.987464
0.420042 , -0.175901, 0.0893763, -0.987749
0.420042 , -0.177886, 0.090142, -0.988877
0.420042 , -0.17991, 0.0917551, -0.990003
0.420042 , -0.181898, 0.0925167, -0.991126
0.423396 , -0.183357, 0.0933006, -0.991404
0.423396 , -0.185346, 0.094059, -0.992523
0.426047 , -0.187376, 0.0956618, -0.993639
0.426047 , -0.188657, 0.0964495, -0.994616
0.426047 , -0.19083, 0.097194, -0.995025
0.428899 , -0.192823, 0.0979453, -0.996134
0.428899 , -0.194107, 0.0987292, -0.997107
0.428899 , -0.196281, 0.0994687, -0.997509
0.428899 , -0.198319, 0.101057, -0.998611
0.432394 , -0.199605, 0.101836, -0.999579
0.432394 , -0.201604, 0.102579, -1.00068
0.435269 , -0.203781, 0.103311, -1.00107
0.435269 , -0.20507, 0.104087, -1.00203
0.435269 , -0.207071, 0.104824, -1.00312
0.435269 , -0.209073, 0.105561, -1.00421
0.43857 , -0.210408, 0.107169, -1.00517
0.43857 , -0.212589, 0.107892, -1.00555
0.441002 , -0.214418, 0.108632, -1.00734
0.441002 , -0.215888, 0.10939, -1.00759
0.441002 , -0.217941, 0.110951, -1.00867
0.444007 , -0.219236, 0.111716, -1.00962
0.444007 , -0.221246, 0.112439, -1.01069
0.444007 , -0.223256, 0.113161, -1.01176
0.444007 , -0.225267, 0.113882, -1.01283
0.447392 , -0.226566, 0.114641, -1.01378
0.447392 , -0.228579, 0.115358, -1.01484
0.450014 , -0.230593, 0.116074, -1.0159
0.450014 , -0.231894, 0.11683, -1.01685
0.450014 , -0.23391, 0.117542, -1.0179
0.4529 , -0.236149, 0.119069, -1.01825
0.4529 , -0.23728, 0.11983, -1.0199
0.4529 , -0.239299, 0.120537, -1.02095
0.45604 , -0.241491, 0.121232, -1.02129
0.45604 , -0.242797, 0.121979, -1.02222
0.45604 , -0.244818, 0.122682, -1.02327
0.458831 , -0.246126, 0.123426, -1.02419
0.458831 , -0.248149, 0.124125, -1.02523
0.458831 , -0.249458, 0.124868, -1.02616
0.46171 , -0.251483, 0.125564, -1.0272
0.46171 , -0.252794, 0.126303, -1.02812
0.46171 , -0.254768, 0.126178, -1.02915
0.465119 , -0.256133, 0.127734, -1.03007
0.465119 , -0.257393, 0.127653, -1.03099
0.465119 , -0.259422, 0.128342, -1.03202
0.465119 , -0.260737, 0.129076, -1.03294
0.468354 , -0.262767, 0.129763, -1.03396
0.468354 , -0.264083, 0.130495, -1.03487
0.471031 , -0.265399, 0.131225, -1.03578
0.471031 , -0.266717, 0.131955, -1.0367
0.471031 , -0.26798, 0.131871, -1.03761
0.474055 , -0.269299, 0.132598, -1.03852
0.474055 , -0.271167, 0.133288, -1.04023
0.474055 , -0.272487, 0.134014, -1.04114
0.474055 , -0.273808, 0.134738, -1.04205
0.477614 , -0.275075, 0.134652, -1.04295
0.477614 , -0.276397, 0.135374, -1.04386
0.477614 , -0.277719, 0.136096, -1.04476
0.480448 , -0.278987, 0.136008, -1.04566
0.480448 , -0.280311, 0.136728, -1.04656
0.482825 , -0.281579, 0.13664, -1.04746
0.482825 , -0.282188, 0.137409, -1.04826
0.482825 , -0.283293, 0.137331, -1.04987
0.485872 , -0.28462, 0.138048, -1.05077
0.485872 , -0.285947, 0.138764, -1.05166
0.485872 , -0.287217, 0.138674, -1.05256
0.489027 , -0.288545, 0.139389, -1.05345
0.489027 , -0.2891, 0.139349, -1.05425
0.489027 , -0.290372, 0.139258, -1.05514
0.491651 , -0.291702, 0.139971, -1.05603
0.491651 , -0.292257, 0.139931, -1.05683
0.491651 , -0.292257, 0.139931, -1.05683
0.494758 , -0.294804, 0.139749, -1.05861
0.494758 , -0.295975, 0.14047, -1.0602
0.494758 , -0.296532, 0.14043, -1.061
0.497843 , -0.29709, 0.14039, -1.0618
0.497843 , -0.298423, 0.141098, -1.06268
0.497843 , -0.299699, 0.141006, -1.06357
0.50079 , -0.300975, 0.140913, -1.06445
0.50079 , -0.301534, 0.140872, -1.06524
0.50079 , -0.302094, 0.140832, -1.06604
0.503504 , -0.303271, 0.141549, -1.06763
0.503504 , -0.304549, 0.141456, -1.06851
0.503504 , -0.305828, 0.141363, -1.06939
0.506822 , -0.306389, 0.141322, -1.07018
0.506822 , -0.30695, 0.141281, -1.07097
0.506822 , -0.30823, 0.141188, -1.07185
0.509867 , -0.30951, 0.141094, -1.07272
0.509867 , -0.310635, 0.141012, -1.07431
0.509867 , -0.311198, 0.140971, -1.0751
0.51251 , -0.311761, 0.14093, -1.07589
0.51251 , -0.313043, 0.140837, -1.07676
0.51251 , -0.314325, 0.140743, -1.07763
0.515746 , -0.315608, 0.14065, -1.0785
0.515746 , -0.316173, 0.140608, -1.07929
0.515746 , -0.317456, 0.140515, -1.08016
0.518683 , -0.318021, 0.140474, -1.08094
0.518683 , -0.319363, 0.141172, -1.08181
0.518683 , -0.320648, 0.141077, -1.08268
0.521952 , -0.321214, 0.141036, -1.08346
0.521952 , -0.3225, 0.140942, -1.08433
0.521952 , -0.323785, 0.140847, -1.08519
0.525018 , -0.324504, 0.140795, -1.08527
0.525018 , -0.325639, 0.140712, -1.08684
0.525018 , -0.327077, 0.140606, -1.08699
0.527779 , -0.328364, 0.140512, -1.08785
0.527779 , -0.328932, 0.14047, -1.08863
0.527779 , -0.330939, 0.140323, -1.08956
0.530941 , -0.331566, 0.141068, -1.09034
0.530941 , -0.332854, 0.140973, -1.0912
0.530941 , -0.334143, 0.140878, -1.09205
0.533957 , -0.33492, 0.14161, -1.09212
0.533957 , -0.336929, 0.141461, -1.09305
0.533957 , -0.3375, 0.141419, -1.09383
0.536498 , -0.33879, 0.141323, -1.09468
0.536498 , -0.340286, 0.142, -1.09481
0.536498 , -0.341577, 0.141903, -1.09566
0.539859 , -0.342868, 0.141807, -1.09651
0.539859 , -0.344159, 0.141711, -1.09735
0.539859 , -0.345657, 0.142384, -1.09749
0.542745 , -0.346949, 0.142288, -1.09833
0.542745 , -0.348241, 0.142191, -1.09917
0.542745 , -0.349739, 0.142862, -1.0993
0.54543 , -0.35109, 0.143543, -1.10014
0.54543 , -0.352529, 0.143434, -1.10027
0.54543 , -0.353882, 0.144114, -1.10111
0.548758 , -0.355175, 0.144015, -1.10194
0.548758 , -0.356615, 0.143905, -1.10207
0.548758 , -0.357968, 0.144582, -1.1029
0.551538 , -0.359408, 0.144472, -1.10302
0.551538 , -0.361482, 0.145092, -1.10392
0.551538 , -0.362981, 0.145755, -1.10403
0.555219 , -0.364276, 0.145655, -1.10486
0.555219 , -0.365776, 0.146316, -1.10498
0.555219 , -0.367072, 0.146215, -1.10581
0.557827 , -0.369292, 0.146818, -1.10598
0.557827 , -0.370588, 0.146716, -1.1068
0.557827 , -0.372089, 0.147374, -1.10691
0.560588 , -0.373446, 0.148041, -1.10773
0.560588 , -0.374947, 0.148696, -1.10784
0.560588 , -0.376244, 0.148593, -1.10866
0.56399 , -0.378466, 0.149188, -1.10882
0.56399 , -0.379763, 0.149085, -1.10964
0.56399 , -0.381265, 0.149736, -1.10974
0.566412 , -0.383345, 0.150339, -1.11061
0.566412 , -0.384847, 0.150987, -1.11071
0.566412 , -0.386288, 0.15087, -1.11081
0.569561 , -0.387648, 0.151529, -1.11162
0.569561 , -0.38973, 0.152127, -1.11247
0.569561 , -0.391171, 0.152008, -1.11257
0.572941 , -0.392674, 0.152652, -1.11266
0.572941 , -0.394757, 0.153246, -1.11351
0.572941 , -0.396198, 0.153127, -1.11361
0.57569 , -0.39756, 0.153778, -1.11441
0.57569 , -0.399065, 0.154417, -1.1145
0.57569 , -0.400428, 0.155067, -1.1153
0.578454 , -0.40259, 0.154885, -1.11543
0.578454 , -0.403954, 0.155533, -1.11622
0.578454 , -0.40546, 0.156167, -1.11631
0.58156 , -0.40676, 0.156057, -1.1171
0.58156 , -0.408987, 0.156628, -1.11722
0.58156 , -0.410352, 0.157271, -1.11801
0.584482 , -0.411858, 0.157902, -1.11809
0.584482 , -0.413159, 0.157789, -1.11888
0.584482 , -0.415387, 0.158355, -1.11899
0.587301 , -0.416688, 0.158243, -1.11978
0.587301 , -0.418195, 0.158869, -1.11985
0.587301 , -0.420283, 0.159443, -1.12067
0.590661 , -0.421004, 0.15938, -1.12071
0.590661 , -0.423093, 0.159952, -1.12152
0.590661 , -0.424601, 0.160574, -1.12159
0.593504 , -0.425903, 0.160459, -1.12237
0.593504 , -0.427272, 0.161092, -1.12315
0.593504 , -0.429297, 0.160912, -1.12396
0.596761 , -0.430805, 0.16153, -1.12402
0.596761 , -0.432175, 0.16216, -1.12479
0.596761 , -0.434338, 0.161966, -1.12488
0.599342 , -0.435709, 0.162593, -1.12565
0.599342 , -0.437013, 0.162476, -1.12642
0.602293 , -0.438455, 0.162346, -1.12648
0.602293 , -0.440548, 0.162906, -1.12727
0.602293 , -0.44192, 0.16353, -1.12804
0.602293 , -0.444083, 0.163333, -1.12811
0.605713 , -0.445455, 0.163955, -1.12888
0.605713 , -0.446761, 0.163836, -1.12964
0.608307 , -0.448992, 0.164377, -1.12971
0.608307 , -0.450298, 0.164258, -1.13047
0.608307 , -0.451604, 0.164138, -1.13123
0.611098 , -0.453835, 0.164676, -1.13129
0.611098 , -0.455141, 0.164556, -1.13204
0.611098 , -0.456516, 0.165171, -1.1328
0.614399 , -0.457823, 0.165051, -1.13355
0.614399 , -0.460055, 0.165585, -1.13361
0.614399 , -0.461362, 0.165463, -1.13436
0.616972 , -0.462804, 0.165329, -1.13439
0.616972 , -0.464901, 0.165873, -1.13516
0.616972 , -0.46621, 0.165751, -1.1359
0.62001 , -0.467518, 0.165629, -1.13665
0.62001 , -0.469029, 0.166225, -1.13668
0.62001 , -0.470337, 0.166102, -1.13742
0.623167 , -0.471715, 0.166709, -1.13816
0.623167 , -0.473745, 0.166518, -1.13891
0.623167 , -0.475123, 0.167123, -1.13965
0.626063 , -0.476566, 0.166986, -1.13967
0.626063 , -0.478597, 0.166794, -1.14042
0.626063 , -0.479975, 0.167396, -1.14115
0.628755 , -0.481286, 0.167272, -1.14188
0.628755 , -0.483318, 0.167079, -1.14263
0.628755 , -0.484698, 0.167679, -1.14335
0.635885 , -0.486861, 0.167473, -1.14338
0.639429 , -0.494871, 0.168162, -1.14772
0.645713 , -0.503089, 0.16954, -1.15131
0.650027 , -0.511049, 0.169485, -1.15558
0.654034 , -0.517646, 0.170274, -1.15981
0.657717 , -0.522935, 0.171183, -1.16333
0.66183 , -0.52876, 0.171316, -1.16752
0.669662 , -0.533202, 0.170872, -1.17101
0.673642 , -0.538372, 0.170356, -1.17447
0.677082 , -0.543667, 0.169828, -1.1772
0.684335 , -0.545478, 0.169647, -1.17929
0.687154 , -0.548059, 0.168685, -1.18064
0.691697 , -0.550105, 0.168481, -1.1813
0.69505 , -0.551478, 0.167642, -1.18125
0.700793 , -0.552198, 0.16757, -1.18123
0.703066 , -0.552966, 0.166792, -1.18049
0.710728 , -0.553687, 0.166721, -1.18047
0.714826 , -0.553687, 0.166721, -1.18047
0.718879 , -0.55385, 0.166003, -1.17904
0.722396 , -0.554084, 0.16598, -1.17761
0.72963 , -0.554133, 0.165273, -1.17689
0.733873 , -0.554183, 0.164566, -1.17617
0.737114 , -0.554115, 0.163871, -1.17617
0.741144 , -0.554048, 0.163176, -1.17617
0.745307 , -0.553981, 0.162481, -1.17617
0.749575 , -0.553848, 0.16109, -1.17617
0.757846 , -0.553716, 0.1597, -1.17617
0.761608 , -0.55352, 0.157614, -1.17617
0.766152 , -0.553391, 0.156223, -1.17617
0.769472 , -0.554642, 0.154005, -1.17613
0.774123 , -0.555112, 0.151161, -1.1761
0.781671 , -0.555587, 0.148318, -1.17608
0.785234 , -0.556966, 0.146099, -1.17532
0.789131 , -0.558231, 0.142497, -1.17455
0.792991 , -0.558781, 0.13896, -1.17381
0.796912 , -0.560125, 0.134666, -1.17233
0.802301 , -0.560813, 0.131127, -1.17087
0.808712 , -0.561474, 0.125507, -1.1687
0.812593 , -0.562806, 0.120541, -1.16721
0.821282 , -0.563676, 0.115616, -1.16433
0.826773 , -0.563797, 0.110053, -1.16147
0.826773 , -0.564664, 0.104447, -1.15858
0.837062 , -0.565555, 0.0988482, -1.15569
0.841624 , -0.56652, 0.0918685, -1.15209
0.845204 , -0.567534, 0.0876634, -1.14921
0.850515 , -0.570038, 0.0813193, -1.14555
0.854013 , -0.571881, 0.0757149, -1.14193
0.858819 , -0.573617, 0.0701288, -1.13901
0.866165 , -0.576957, 0.0644936, -1.13532
0.869887 , -0.579352, 0.0596009, -1.13309
0.874255 , -0.581901, 0.0547179, -1.13014
0.877183 , -0.585758, 0.0491285, -1.12783
0.884978 , -0.589396, 0.0449336, -1.12694
0.888146 , -0.594596, 0.0393609, -1.12525
0.892998 , -0.599567, 0.0351814, -1.12497
0.895864 , -0.605969, 0.0296518, -1.12459
0.904381 , -0.610932, 0.0235143, -1.12428
0.908353 , -0.617363, 0.0173984, -1.12386
0.912331 , -0.623083, 0.010002, -1.12347
0.916714 , -0.626675, 0.00532255, -1.12321
0.920386 , -0.630279, -0.00132767, -1.12295
0.928694 , -0.632457, -0.00596648, -1.12279
0.932747 , -0.63494, -0.0125767, -1.1212
0.936747 , -0.63672, -0.018514, -1.11966
0.944273 , -0.637773, -0.0224671, -1.11818
0.949034 , -0.638288, -0.0284062, -1.11605
0.952828 , -0.638632, -0.0317033, -1.11462
0.956837 , -0.639141, -0.0356561, -1.11249
0.960839 , -0.638765, -0.0383073, -1.11112
0.964841 , -0.638538, -0.0409561, -1.10905
0.972947 , -0.637398, -0.0416465, -1.10773
0.976344 , -0.636278, -0.0429991, -1.10642
0.980235 , -0.634979, -0.0430339, -1.10582
0.98401 , -0.633679, -0.0430686, -1.10521
0.987635 , -0.632217, -0.0424442, -1.10532
0.995377 , -0.630755, -0.0418186, -1.10542
0.999412 , -0.627848, -0.0412286, -1.10563
1.00329 , -0.624925, -0.0399703, -1.10583
1.00682 , -0.62054, -0.0380738, -1.10612
1.01475 , -0.615853, -0.0355032, -1.10783
1.01819 , -0.611301, -0.0322428, -1.10881
1.02209 , -0.605887, -0.0289792, -1.11053
1.03 , -0.60047, -0.0250173, -1.11224
1.03407 , -0.595055, -0.0203506, -1.11394
1.03789 , -0.591101, -0.0156392, -1.11555
1.04526 , -0.585563, -0.00955121, -1.11793
1.04915 , -0.579908, -0.00273819, -1.12101
1.05266 , -0.573422, 0.00412329, -1.12482
1.06087 , -0.566125, 0.0131143, -1.12935
1.06522 , -0.560897, 0.0200795, -1.1345
1.06883 , -0.55559, 0.0277844, -1.14035
1.07322 , -0.551148, 0.0334302, -1.14546
1.07677 , -0.545647, 0.0398295, -1.15273
1.08492 , -0.541418, 0.0469369, -1.16139
1.08972 , -0.53816, 0.0519428, -1.16859
1.09301 , -0.533892, 0.0577063, -1.17797
1.09691 , -0.530104, 0.0641874, -1.18948
1.10062 , -0.528594, 0.0670706, -1.19523
1.10481 , -0.524788, 0.072178, -1.20747
1.11306 , -0.524177, 0.0750386, -1.2125
1.11717 , -0.520612, 0.0801667, -1.22404
1.12114 , -0.519085, 0.0837936, -1.23124
1.12484 , -0.516906, 0.0881726, -1.23846
1.12848 , -0.514911, 0.0918405, -1.24424
1.13627 , -0.513657, 0.0969044, -1.25074
1.14076 , -0.511038, 0.101342, -1.25653
1.14421 , -0.509424, 0.105733, -1.26016
1.14865 , -0.507993, 0.110121, -1.26234
1.15231 , -0.505109, 0.116769, -1.26599
1.15592 , -0.503976, 0.122599, -1.26673
1.16057 , -0.502891, 0.127715, -1.26674
1.16896 , -0.501154, 0.13361, -1.26677
1.17282 , -0.500101, 0.138743, -1.26678
1.17674 , -0.499145, 0.143876, -1.26607
1.18412 , -0.498968, 0.147505, -1.26392
1.18739 , -0.497945, 0.154103, -1.25889
1.19161 , -0.497905, 0.157003, -1.25529
1.19561 , -0.498599, 0.159836, -1.25169
1.19929 , -0.499326, 0.161941, -1.24737
1.20748 , -0.50088, 0.163967, -1.24233
1.2111 , -0.501943, 0.16459, -1.24016
1.21552 , -0.504011, 0.165116, -1.23584
1.21902 , -0.506212, 0.164908, -1.23007
1.22344 , -0.508334, 0.164706, -1.22502
1.23121 , -0.510204, 0.163809, -1.22142
1.23466 , -0.511427, 0.163694, -1.21782
1.23795 , -0.514171, 0.161999, -1.21276
1.24578 , -0.51621, 0.160374, -1.20772
1.24976 , -0.518372, 0.158742, -1.20196
1.25369 , -0.521321, 0.156327, -1.19547
1.25709 , -0.523414, 0.15471, -1.19043
1.26131 , -0.526411, 0.152304, -1.18395
1.26896 , -0.529262, 0.15063, -1.1789
1.27298 , -0.533326, 0.147437, -1.17025
1.28011 , -0.538882, 0.144132, -1.16158
1.28416 , -0.543374, 0.142343, -1.15578
1.28802 , -0.548085, 0.139842, -1.14855
1.29166 , -0.553344, 0.138008, -1.14272
1.29556 , -0.560144, 0.135362, -1.13612
1.3033 , -0.566032, 0.133499, -1.13096
1.30761 , -0.574741, 0.130734, -1.12215
1.31132 , -0.580724, 0.129577, -1.11696
1.3186 , -0.589265, 0.127542, -1.10953
1.32237 , -0.595283, 0.126396, -1.10432
1.32598 , -0.603004, 0.124447, -1.09759
1.3333 , -0.609054, 0.123312, -1.09235
1.33627 , -0.61455, 0.122223, -1.08643
1.3407 , -0.619803, 0.121829, -1.08192
1.34427 , -0.622025, 0.121663, -1.07829
1.35192 , -0.624205, 0.120829, -1.07466
1.35192 , -0.627724, 0.120567, -1.07165
1.35972 , -0.628764, 0.120489, -1.07019
1.36314 , -0.628875, 0.119813, -1.06948
1.36787 , -0.629035, 0.119801, -1.06878
1.37138 , -0.629547, 0.119095, -1.06944
1.3789 , -0.629019, 0.118466, -1.07156
1.38278 , -0.628335, 0.117848, -1.07439
1.3868 , -0.626827, 0.116621, -1.08076
1.39381 , -0.625544, 0.116044, -1.08643
1.39774 , -0.624652, 0.114769, -1.09348
1.40136 , -0.62379, 0.11349, -1.10053
1.40519 , -0.623293, 0.112855, -1.10968
1.40914 , -0.62308, 0.11153, -1.11741
1.41756 , -0.62231, 0.109572, -1.12799
1.42155 , -0.622329, 0.107561, -1.13853
1.42557 , -0.620973, 0.105639, -1.14919
1.42952 , -0.620262, 0.103003, -1.15628
1.433 , -0.619421, 0.0997013, -1.1641
1.4406 , -0.618337, 0.0957409, -1.16911
1.44463 , -0.617357, 0.0910991, -1.1734
1.44888 , -0.615154, 0.0858462, -1.17636
1.45272 , -0.611154, 0.0806693, -1.17733
1.45991 , -0.605237, 0.0755562, -1.17699
1.46343 , -0.600232, 0.0717215, -1.17588
1.46745 , -0.593972, 0.0665549, -1.1734
1.47133 , -0.586044, 0.0614102, -1.16815
1.47528 , -0.580241, 0.0575133, -1.16348
1.47938 , -0.572476, 0.0515866, -1.15745
1.48415 , -0.567539, 0.0462171, -1.15198
1.49142 , -0.562785, 0.0415037, -1.14578
1.49549 , -0.558142, 0.033986, -1.13885
1.49894 , -0.552837, 0.0264379, -1.13194
1.50297 , -0.549898, 0.0181198, -1.12423
1.51074 , -0.547613, 0.00907183, -1.11721
1.51463 , -0.544827, -0.000698972, -1.1095
1.51876 , -0.544428, -0.00908886, -1.10456
1.52203 , -0.543833, -0.0195835, -1.09751
1.52919 , -0.543929, -0.031474, -1.09115
1.53332 , -0.543752, -0.0405737, -1.08622
1.53707 , -0.544172, -0.0517599, -1.07916
1.53707 , -0.544137, -0.0608612, -1.07424
1.53707 , -0.544137, -0.0608612, -1.07424
1.53707 , -0.54381, -0.0629739, -1.07283
1.54071 , -0.543513, -0.0657869, -1.07143
1.54071 , -0.543195, -0.0679014, -1.07003
1.54071 , -0.543604, -0.069987, -1.06862
1.54071 , -0.543292, -0.0721022, -1.06721
1.54439 , -0.542985, -0.0742183, -1.06581
1.54439 , -0.542713, -0.0770351, -1.06441
1.54439 , -0.542414, -0.079153, -1.06301
1.54777 , -0.541395, -0.0813062, -1.06162
1.54777 , -0.541104, -0.0834265, -1.06022
1.54777 , -0.540128, -0.0862848, -1.05882
1.55101 , -0.539845, -0.0884078, -1.05742
1.55101 , -0.538842, -0.0905698, -1.05603
1.55101 , -0.537882, -0.0934363, -1.05463
1.55397 , -0.536888, -0.0956039, -1.05324
1.55397 , -0.535898, -0.097774, -1.05184
1.55397 , -0.535081, -0.0999367, -1.04974
1.55397 , -0.534142, -0.102815, -1.04834
1.55731 , -0.533165, -0.104993, -1.04694
1.55731 , -0.531469, -0.107218, -1.04555
1.56006 , -0.530545, -0.110107, -1.04415
1.56006 , -0.528858, -0.112341, -1.04275
1.56006 , -0.528071, -0.114519, -1.04064
1.56006 , -0.526441, -0.117467, -1.03924
1.5634 , -0.524044, -0.119763, -1.03783
1.5634 , -0.522375, -0.122015, -1.03642
1.56581 , -0.520937, -0.124966, -1.03431
1.56581 , -0.519277, -0.127226, -1.03289
1.56581 , -0.516952, -0.130255, -1.03148
1.56893 , -0.515302, -0.132526, -1.03006
1.56893 , -0.513167, -0.135554, -1.02793
1.56893 , -0.510804, -0.137891, -1.0265
1.57219 , -0.508446, -0.140234, -1.02506
1.57219 , -0.506092, -0.142584, -1.02362
1.57219 , -0.503982, -0.145639, -1.02148
1.57523 , -0.501638, -0.148001, -1.02003
1.57523 , -0.499361, -0.151086, -1.01857
1.57523 , -0.497027, -0.15346, -1.01712
1.57774 , -0.494945, -0.156544, -1.01495
1.57774 , -0.492621, -0.15893, -1.01349
1.57774 , -0.490302, -0.161323, -1.01202
1.58091 , -0.488054, -0.164444, -1.01054
1.58091 , -0.485814, -0.167572, -1.00906
1.58091 , -0.483696, -0.169966, -1.00688
1.58384 , -0.481469, -0.173109, -1.00539
1.58384 , -0.478455, -0.175605, -1.00388
1.58384 , -0.47624, -0.178763, -1.00238
1.58661 , -0.473958, -0.181201, -1.00088
1.58661 , -0.471755, -0.184373, -0.99937
1.58661 , -0.469673, -0.186803, -0.997159
1.59 , -0.466764, -0.190067, -0.995614
1.59 , -0.464581, -0.193262, -0.994093
1.59 , -0.462326, -0.195732, -0.992568
1.59269 , -0.460157, -0.198941, -0.991038
1.59269 , -0.458104, -0.201401, -0.988805
1.59269 , -0.455948, -0.204624, -0.987267
1.59551 , -0.453714, -0.207119, -0.985724
1.59551 , -0.45229, -0.210271, -0.984215
1.59551 , -0.450067, -0.212777, -0.982664
1.59878 , -0.447937, -0.216027, -0.98111
1.59878 , -0.445724, -0.218544, -0.97955
1.59878 , -0.444325, -0.22172, -0.978029
1.60156 , -0.442123, -0.224249, -0.976463
1.60156 , -0.439925, -0.226783, -0.974891
1.60156 , -0.438545, -0.229975, -0.973362
1.6051 , -0.436358, -0.232521, -0.971783
1.6051 , -0.43499, -0.235723, -0.970247
1.6051 , -0.433531, -0.238185, -0.968709
1.60753 , -0.431361, -0.240747, -0.96712
1.60753 , -0.430011, -0.243964, -0.965577
1.60753 , -0.428567, -0.246439, -0.964031
1.6106 , -0.426412, -0.249016, -0.962431
1.6106 , -0.425797, -0.252149, -0.960933
1.6106 , -0.423653, -0.254736, -0.959326
1.61375 , -0.422229, -0.257228, -0.95777
1.61375 , -0.42081, -0.259724, -0.956212
1.61617 , -0.420218, -0.26287, -0.954708
1.61617 , -0.418809, -0.265373, -0.953147
1.61617 , -0.417405, -0.267879, -0.951582
1.61617 , -0.416117, -0.271141, -0.950016
1.61946 , -0.415437, -0.273548, -0.948507
1.61946 , -0.414048, -0.276065, -0.946937
1.61946 , -0.413377, -0.278477, -0.945426
1.62257 , -0.411997, -0.281, -0.943852
1.62257 , -0.410948, -0.284249, -0.941582
1.62257 , -0.410292, -0.286668, -0.940067
1.62543 , -0.409641, -0.28909, -0.938552
1.62543 , -0.408994, -0.291513, -0.937036
1.62825 , -0.407639, -0.294052, -0.935453
1.62825 , -0.406411, -0.29735, -0.933868
1.62825 , -0.406491, -0.299664, -0.932415
1.62825 , -0.405364, -0.302178, -0.930135
1.63162 , -0.404528, -0.304647, -0.929306
1.63162 , -0.404123, -0.307047, -0.927091
1.63162 , -0.403509, -0.309485, -0.925568
1.63495 , -0.402899, -0.311924, -0.924045
1.63495 , -0.402294, -0.314365, -0.92252
1.63495 , -0.401694, -0.316807, -0.920995
1.63776 , -0.401097, -0.319252, -0.919468
1.63776 , -0.400374, -0.32094, -0.917941
1.63776 , -0.399785, -0.323387, -0.916413
1.6409 , -0.399201, -0.325837, -0.914885
1.6409 , -0.398622, -0.328288, -0.913355
1.6409 , -0.398266, -0.330701, -0.911135
1.64369 , -0.397696, -0.333155, -0.909604
1.64369 , -0.397131, -0.335611, -0.908072
1.64369 , -0.39657, -0.338068, -0.906539
1.64707 , -0.396014, -0.340528, -0.905006
1.64707 , -0.395684, -0.342947, -0.902782
1.64707 , -0.394995, -0.344649, -0.901247
1.64998 , -0.394451, -0.347112, -0.899712
1.64998 , -0.393205, -0.349711, -0.898096
1.64998 , -0.393378, -0.352044, -0.896638
1.65278 , -0.391995, -0.353886, -0.895019
1.65278 , -0.391469, -0.356357, -0.89348
1.65278 , -0.391173, -0.358785, -0.891252
1.65591 , -0.389949, -0.361396, -0.889628
1.65591 , -0.389437, -0.363872, -0.888086
1.65591 , -0.388224, -0.366489, -0.886458
1.65884 , -0.38757, -0.368205, -0.884914
1.65884 , -0.38707, -0.370686, -0.883369
1.65884 , -0.3861, -0.373264, -0.88105
1.66151 , -0.384751, -0.375127, -0.879415
1.66151 , -0.384265, -0.377614, -0.877867
1.66151 , -0.38308, -0.380246, -0.876229
1.66462 , -0.381742, -0.382116, -0.874588
1.66462 , -0.380565, -0.384754, -0.872946
1.66462 , -0.379394, -0.387395, -0.871301
1.66774 , -0.378228, -0.39004, -0.869654
1.66774 , -0.377841, -0.391723, -0.867412
1.67039 , -0.376685, -0.394372, -0.865762
1.67039 , -0.37483, -0.397174, -0.864014
1.67039 , -0.373519, -0.399061, -0.862358
1.67039 , -0.372377, -0.40172, -0.8607
1.67376 , -0.37124, -0.404382, -0.85904
1.67376 , -0.370108, -0.407047, -0.857377
1.67376 , -0.368813, -0.408944, -0.855712
1.67652 , -0.366989, -0.411769, -0.853945
1.67652 , -0.365872, -0.414443, -0.852275
1.67652 , -0.36476, -0.417121, -0.850602
1.67983 , -0.363653, -0.419802, -0.848927
1.67983 , -0.361678, -0.421869, -0.847146
1.67983 , -0.360581, -0.424556, -0.845466
1.68266 , -0.35879, -0.427405, -0.843678
1.68266 , -0.358161, -0.429995, -0.842782
1.6854 , -0.356381, -0.432852, -0.840987
1.6854 , -0.355305, -0.435552, -0.839297
1.6854 , -0.354234, -0.438256, -0.837605
1.6854 , -0.352926, -0.441019, -0.836592
1.68875 , -0.351864, -0.443729, -0.834895
1.68875 , -0.350809, -0.446442, -0.833196
1.69119 , -0.351847, -0.448662, -0.831834
1.69119 , -0.352646, -0.450939, -0.831153
1.69119 , -0.355593, -0.451879, -0.830128
1.69418 , -0.358033, -0.453756, -0.82899
1.69418 , -0.360289, -0.454853, -0.827851
1.69418 , -0.362546, -0.455947, -0.826711
1.69418 , -0.364559, -0.457097, -0.82625
1.69763 , -0.365877, -0.458413, -0.82568
1.69763 , -0.367008, -0.458955, -0.825109
1.70033 , -0.367632, -0.460439, -0.824429
1.70033 , -0.368011, -0.461982, -0.824429
1.70033 , -0.367753, -0.462865, -0.823641
1.70311 , -0.368134, -0.464408, -0.823641
1.70311 , -0.369458, -0.465717, -0.82307
1.70311 , -0.370592, -0.466254, -0.8225
1.70623 , -0.371726, -0.46679, -0.821929
1.70623 , -0.372358, -0.468268, -0.82125
1.70623 , -0.373494, -0.468801, -0.820679
1.70915 , -0.374376, -0.470215, -0.819321
1.70915 , -0.37457, -0.470984, -0.819321
1.70915 , -0.375206, -0.47246, -0.818642
1.71188 , -0.375649, -0.473165, -0.817963
1.71188 , -0.376287, -0.474639, -0.817285
1.71188 , -0.377426, -0.475167, -0.816714
1.7151 , -0.377818, -0.476703, -0.816714
1.7151 , -0.379154, -0.477996, -0.816144
1.7151 , -0.380241, -0.479352, -0.816251
1.71806 , -0.381579, -0.480641, -0.815679
1.71806 , -0.381975, -0.482173, -0.815679
1.71806 , -0.383316, -0.48346, -0.815108
1.7207 , -0.384163, -0.485691, -0.81443
1.7207 , -0.385257, -0.487039, -0.814536
1.7207 , -0.386601, -0.48832, -0.813964
1.72401 , -0.387003, -0.489848, -0.813964
1.72401 , -0.387657, -0.49131, -0.813287
1.72401 , -0.388061, -0.492837, -0.813287
1.72693 , -0.388467, -0.494363, -0.813287
1.72693 , -0.389817, -0.495638, -0.812715
1.72693 , -0.39043, -0.497926, -0.812715
1.73039 , -0.39109, -0.499383, -0.812037
1.73039 , -0.391502, -0.500907, -0.812037
1.73039 , -0.392606, -0.502243, -0.812143
1.73282 , -0.39302, -0.503766, -0.812143
1.73282 , -0.394126, -0.5051, -0.812248
1.73282 , -0.395442, -0.507193, -0.812353
1.73574 , -0.39586, -0.508714, -0.812353
1.73574 , -0.39739, -0.511563, -0.812457
1.73574 , -0.39739, -0.511563, -0.812457
1.73905 , -0.397811, -0.513082, -0.812457
1.73905 , -0.398445, -0.515359, -0.812457
1.73905 , -0.39887, -0.516878, -0.812457
1.74164 , -0.399296, -0.518395, -0.812457
1.74164 , -0.399723, -0.519913, -0.812457
1.74164 , -0.400365, -0.522188, -0.812457
1.74475 , -0.401485, -0.523509, -0.812562
1.74475 , -0.401916, -0.525025, -0.812562
1.74475 , -0.402349, -0.52654, -0.812562
1.74783 , -0.402782, -0.528055, -0.812562
1.74783 , -0.403435, -0.530327, -0.812562
1.74783 , -0.403872, -0.531841, -0.812562
1.75088 , -0.404061, -0.533427, -0.813239
1.75088 , -0.40472, -0.535697, -0.813239
1.75088 , -0.404913, -0.537282, -0.813917
1.75345 , -0.405355, -0.538795, -0.813917
1.75345 , -0.405799, -0.540308, -0.813917
1.75345 , -0.406219, -0.542649, -0.814595
1.75654 , -0.406666, -0.544161, -0.814595
1.75654 , -0.407114, -0.545672, -0.814595
1.75654 , -0.407541, -0.548012, -0.815273
1.75979 , -0.407992, -0.549523, -0.815273
1.75979 , -0.408424, -0.551862, -0.815951
1.76229 , -0.408405, -0.552692, -0.816629
1.76229 , -0.409088, -0.554957, -0.816629
1.76229 , -0.409298, -0.556541, -0.817307
1.76229 , -0.40951, -0.558125, -0.817985
1.76561 , -0.40997, -0.559634, -0.817985
1.76561 , -0.410185, -0.561218, -0.818664
1.76561 , -0.410402, -0.562801, -0.819342
1.76851 , -0.41062, -0.564385, -0.820021
1.76851 , -0.411085, -0.565893, -0.820021
1.76851 , -0.411306, -0.567477, -0.820699
1.77185 , -0.411774, -0.568984, -0.820699
1.77185 , -0.411998, -0.570568, -0.821378
1.77185 , -0.411989, -0.571397, -0.822057
1.77475 , -0.412215, -0.57298, -0.822736
1.77475 , -0.412687, -0.574487, -0.822736
1.77475 , -0.41268, -0.575317, -0.823415
1.77752 , -0.412911, -0.5769, -0.824095
1.77752 , -0.413386, -0.578406, -0.824095
1.77752 , -0.413381, -0.579236, -0.824774
1.78088 , -0.413616, -0.580819, -0.825454
1.78088 , -0.413855, -0.581571, -0.825454
1.78088 , -0.414092, -0.583154, -0.826133
1.78356 , -0.41409, -0.583984, -0.826813
1.78356 , -0.414089, -0.584814, -0.827493
1.78641 , -0.414571, -0.586319, -0.827493
1.78641 , -0.414571, -0.587149, -0.828172
1.78641 , -0.414814, -0.588731, -0.828852
1.78641 , -0.415056, -0.589483, -0.828852
1.78981 , -0.415058, -0.590313, -0.829533
1.78981 , -0.415304, -0.591895, -0.830213
1.78981 , -0.415548, -0.592647, -0.830213
1.79267 , -0.415552, -0.593477, -0.830893
1.79267 , -0.415801, -0.595059, -0.831573
1.79534 , -0.416046, -0.595811, -0.831573
1.79534 , -0.416052, -0.596641, -0.832254
1.79534 , -0.416059, -0.597471, -0.832934
1.79534 , -0.416312, -0.599053, -0.833615
1.79843 , -0.416559, -0.599805, -0.833615
1.79843 , -0.416568, -0.600634, -0.834296
1.79843 , -0.416577, -0.601464, -0.834977
1.80149 , -0.416587, -0.602294, -0.835658
1.80149 , -0.416835, -0.603046, -0.835658
1.80405 , -0.416846, -0.603876, -0.836339
1.80405 , -0.416857, -0.604706, -0.83702
1.80405 , -0.417106, -0.605457, -0.83702
1.80405 , -0.417119, -0.606287, -0.837702
1.80772 , -0.416882, -0.606366, -0.838383
1.80772 , -0.416896, -0.607196, -0.839064
1.80772 , -0.417146, -0.607947, -0.839064
1.81054 , -0.41716, -0.608777, -0.839746
1.81054 , -0.416925, -0.608855, -0.840428
1.81054 , -0.41694, -0.609685, -0.84111
1.81372 , -0.417191, -0.610437, -0.84111
1.81372 , -0.416956, -0.610515, -0.841792
1.81631 , -0.416973, -0.611345, -0.842474
1.81631 , -0.416738, -0.611424, -0.843156
1.81631 , -0.416756, -0.612254, -0.843838
1.81918 , -0.416522, -0.612332, -0.84452
1.81918 , -0.416522, -0.612332, -0.84452
1.81918 , -0.416541, -0.613162, -0.845203
1.81918 , -0.416308, -0.61324, -0.845885
1.82284 , -0.416075, -0.613318, -0.846568
1.82284 , -0.415842, -0.613396, -0.847251
1.8253 , -0.41561, -0.613474, -0.847933
1.8253 , -0.415378, -0.613552, -0.848616
1.8253 , -0.415146, -0.61363, -0.849299
1.82842 , -0.414914, -0.613707, -0.849982
1.82842 , -0.414914, -0.613707, -0.849982
1.82842 , -0.415363, -0.613557, -0.85077
1.82842 , -0.415132, -0.613634, -0.851453
1.8315 , -0.414901, -0.613712, -0.852136
1.8315 , -0.415351, -0.613561, -0.852924
1.83433 , -0.41512, -0.613638, -0.853607
1.83433 , -0.41489, -0.613715, -0.854291
1.83433 , -0.415111, -0.613641, -0.855762
1.83717 , -0.41463, -0.612966, -0.856446
1.83717 , -0.41463, -0.612966, -0.856446
1.83717 , -0.414852, -0.612891, -0.857918
1.84033 , -0.415304, -0.61274, -0.858705
1.84033 , -0.415756, -0.612589, -0.859492
1.84033 , -0.415276, -0.611913, -0.860176
1.84337 , -0.414569, -0.611312, -0.861546
1.84337 , -0.415023, -0.611161, -0.862333
1.84337 , -0.414569, -0.611313, -0.863702
1.84337 , -0.414772, -0.610409, -0.86449
1.84659 , -0.414546, -0.610484, -0.865175
1.84659 , -0.414775, -0.610408, -0.866647
1.84923 , -0.414754, -0.609578, -0.86812
1.84923 , -0.414305, -0.609728, -0.869491
1.84923 , -0.414511, -0.608824, -0.870278
1.85217 , -0.414063, -0.608973, -0.87165
1.85217 , -0.414047, -0.608142, -0.873123
1.85217 , -0.414282, -0.608064, -0.874596
1.85539 , -0.414268, -0.607233, -0.87607
1.85539 , -0.413824, -0.60738, -0.877443
1.85539 , -0.414063, -0.607301, -0.878917
1.85796 , -0.414053, -0.606469, -0.880391
1.85796 , -0.413612, -0.606615, -0.881766
1.85796 , -0.413854, -0.606535, -0.88324
1.86085 , -0.414097, -0.606454, -0.884715
1.86085 , -0.413192, -0.605918, -0.886779
1.86085 , -0.413438, -0.605837, -0.888254
1.86417 , -0.413003, -0.605981, -0.889631
1.86417 , -0.412785, -0.605217, -0.891795
1.86417 , -0.413034, -0.605135, -0.893271
1.86687 , -0.41307, -0.605123, -0.895436
1.86687 , -0.413322, -0.60504, -0.896912
1.86687 , -0.41268, -0.605252, -0.898981
1.86994 , -0.412722, -0.605238, -0.901148
1.86994 , -0.412766, -0.605224, -0.903315
1.86994 , -0.413024, -0.605138, -0.904792
1.87314 , -0.412862, -0.605192, -0.907651
1.87314 , -0.413123, -0.605106, -0.909129
1.87314 , -0.412495, -0.605313, -0.911202
1.87583 , -0.413024, -0.605138, -0.914159
1.87583 , -0.413332, -0.605872, -0.916329
1.87583 , -0.412712, -0.606077, -0.918405
1.87871 , -0.41257, -0.606124, -0.92127
1.87871 , -0.413319, -0.605876, -0.923536
1.87871 , -0.413638, -0.606606, -0.925709
1.88183 , -0.413507, -0.60665, -0.928576
1.88183 , -0.413582, -0.606625, -0.930749
1.88183 , -0.41379, -0.607391, -0.935793
1.88533 , -0.41379, -0.607391, -0.935793
1.88533 , -0.413674, -0.60743, -0.938663
1.88533 , -0.414245, -0.60724, -0.941626
1.88767 , -0.413903, -0.60819, -0.943711
1.88767 , -0.413799, -0.608224, -0.946584
1.88767 , -0.413951, -0.60901, -0.949459
1.89084 , -0.414788, -0.609567, -0.952424
1.89084 , -0.415054, -0.610314, -0.95748
1.89084 , -0.415054, -0.610314, -0.95748
1.89383 , -0.415653, -0.610115, -0.960448
1.89383 , -0.415826, -0.610893, -0.963326
1.89383 , -0.415752, -0.610918, -0.966205
1.89696 , -0.416615, -0.611465, -0.969174
1.89696 , -0.416801, -0.612238, -0.972055
1.89696 , -0.416807, -0.613072, -0.975636
1.90003 , -0.417434, -0.612862, -0.978607
1.90003 , -0.417635, -0.613631, -0.981491
1.90003 , -0.417841, -0.614398, -0.984376
1.9028 , -0.418552, -0.614994, -0.988048
1.9028 , -0.418768, -0.615758, -0.990935
1.9028 , -0.418736, -0.615769, -0.993823
1.90605 , -0.419643, -0.616299, -0.996796
1.90605 , -0.419697, -0.617116, -1.00039
1.90605 , -0.419933, -0.617873, -1.00328
1.90873 , -0.420854, -0.618397, -1.00625
1.90873 , -0.420927, -0.619208, -1.00985
1.90873 , -0.420923, -0.61921, -1.01274
1.91154 , -0.422115, -0.620477, -1.01572
1.91154 , -0.421951, -0.620533, -1.01932
1.91154 , -0.422216, -0.621279, -1.02221
1.91498 , -0.423002, -0.621848, -1.02589
1.91498 , -0.423278, -0.62259, -1.02879
1.91498 , -0.423395, -0.623386, -1.03239
1.91776 , -0.424362, -0.623891, -1.03537
1.91776 , -0.424492, -0.624683, -1.03898
1.91776 , -0.424789, -0.625418, -1.04188
1.9206 , -0.425613, -0.625971, -1.04557
1.9206 , -0.42592, -0.626702, -1.04847
1.9206 , -0.426757, -0.62725, -1.05216
1.92367 , -0.427075, -0.627977, -1.05506
1.92367 , -0.427244, -0.628756, -1.05868
1.92367 , -0.428252, -0.629243, -1.06166
1.92689 , -0.428434, -0.630017, -1.06527
1.92689 , -0.429453, -0.630499, -1.06826
1.92689 , -0.429796, -0.631217, -1.07117
1.92998 , -0.430677, -0.631747, -1.07486
1.92998 , -0.430885, -0.632511, -1.07848
1.92998 , -0.431924, -0.632984, -1.08146
1.93284 , -0.432288, -0.633693, -1.08437
1.93284 , -0.432514, -0.634451, -1.08799
1.93284 , -0.433569, -0.634918, -1.09098
1.93573 , -0.433808, -0.63567, -1.0946
1.93573 , -0.434193, -0.636371, -1.09752
1.93573 , -0.435262, -0.636832, -1.1005
1.93887 , -0.43552, -0.637577, -1.10413
1.93887 , -0.435785, -0.63832, -1.10776
1.93887 , -0.436191, -0.639013, -1.11067
1.94165 , -0.437281, -0.639464, -1.11366
1.94165 , -0.437564, -0.6402, -1.11729
1.94165 , -0.437985, -0.640887, -1.12021
1.94443 , -0.438281, -0.641618, -1.12384
1.94443 , -0.438712, -0.642302, -1.12676
1.94443 , -0.439148, -0.642983, -1.12968
1.948 , -0.440143, -0.643465, -1.13338
1.948 , -0.440589, -0.644142, -1.1363
1.948 , -0.440917, -0.644862, -1.13994
1.95055 , -0.441374, -0.645535, -1.14286
1.95055 , -0.441835, -0.646206, -1.14579
1.9534 , -0.442182, -0.646918, -1.14943
1.9534 , -0.442654, -0.647586, -1.15235
1.9534 , -0.443809, -0.648007, -1.15534
1.9534 , -0.443495, -0.648956, -1.15892
1.95684 , -0.443982, -0.649617, -1.16184
1.95684 , -0.444474, -0.650277, -1.16477
1.95684 , -0.444702, -0.650194, -1.1677
1.95952 , -0.445203, -0.65085, -1.17063
1.95952 , -0.445866, -0.652283, -1.17427
1.96242 , -0.446109, -0.652195, -1.1772
1.96242 , -0.445946, -0.653091, -1.18006
1.96242 , -0.447145, -0.653493, -1.18306
1.96242 , -0.447261, -0.655125, -1.18592
1.96558 , -0.447521, -0.65503, -1.18886
1.96558 , -0.448055, -0.655672, -1.19179
1.96558 , -0.447916, -0.65656, -1.19466
1.96879 , -0.44846, -0.657199, -1.19759
1.96879 , -0.449008, -0.657836, -1.20052
1.96879 , -0.449561, -0.658471, -1.20346
1.97183 , -0.449441, -0.659352, -1.20633
1.97183 , -0.450003, -0.659984, -1.20926
1.9742 , -0.449893, -0.660862, -1.21214
1.9742 , -0.450464, -0.66149, -1.21507
1.9742 , -0.451133, -0.662081, -1.21729
1.9774 , -0.451036, -0.662955, -1.22016
1.9774 , -0.45162, -0.663577, -1.2231
1.9774 , -0.451533, -0.664448, -1.22598
1.9774 , -0.451176, -0.66458, -1.22885
1.98062 , -0.451862, -0.665164, -1.23107
1.98062 , -0.451787, -0.666031, -1.23395
1.98333 , -0.452393, -0.666645, -1.23689
1.98333 , -0.452412, -0.667477, -1.23905
1.98333 , -0.453027, -0.668087, -1.24199
1.98616 , -0.45297, -0.668947, -1.24487
1.98616 , -0.452999, -0.669776, -1.24703
1.98616 , -0.452756, -0.669867, -1.24919
1.98616 , -0.453387, -0.670471, -1.25213
1.98951 , -0.453425, -0.671296, -1.25429
1.98951 , -0.453388, -0.67215, -1.25718
1.99211 , -0.453433, -0.672974, -1.25934
1.99211 , -0.45348, -0.673797, -1.2615
1.99211 , -0.453929, -0.673628, -1.26372
1.99527 , -0.453908, -0.674477, -1.26661
1.99527 , -0.453964, -0.675296, -1.26877
1.99527 , -0.454024, -0.676115, -1.27094
1.99527 , -0.453879, -0.676169, -1.27238
1.99862 , -0.453943, -0.676987, -1.27454
1.99862 , -0.454685, -0.677548, -1.27677
2.00134 , -0.454476, -0.677627, -1.27893
2.00134 , -0.454548, -0.678441, -1.2811
2.00134 , -0.455298, -0.678999, -1.28332
2.00419 , -0.455163, -0.67905, -1.28476
2.00419 , -0.455242, -0.679862, -1.28693
2.00419 , -0.455045, -0.679937, -1.2891
2.00725 , -0.455194, -0.680722, -1.29054
2.00725 , -0.455, -0.680796, -1.29271
2.00725 , -0.455828, -0.681323, -1.29421
2.00725 , -0.455919, -0.682131, -1.29638
2.01052 , -0.455794, -0.682179, -1.29782
2.01052 , -0.455609, -0.682249, -1.29999
2.01052 , -0.455767, -0.683031, -1.30143
2.01373 , -0.456321, -0.68282, -1.30294
2.01373 , -0.456201, -0.682866, -1.30438
2.0161 , -0.456082, -0.682911, -1.30583
2.0161 , -0.455965, -0.682956, -1.30727
2.0161 , -0.456804, -0.683478, -1.30878
2.01919 , -0.456688, -0.683522, -1.31022
2.01919 , -0.456631, -0.683544, -1.31095
2.01919 , -0.457192, -0.68333, -1.31245
2.02232 , -0.457135, -0.683351, -1.31317
2.02232 , -0.457023, -0.683394, -1.31462
2.02232 , -0.456967, -0.683416, -1.31534
2.02232 , -0.456857, -0.683458, -1.31679
2.0256 , -0.457477, -0.683221, -1.31757
2.0256 , -0.457422, -0.683242, -1.31829
2.02816 , -0.457314, -0.683283, -1.31974
2.02816 , -0.457935, -0.683046, -1.32052
2.02816 , -0.457881, -0.683066, -1.32124
2.03137 , -0.457828, -0.683087, -1.32197
2.03137 , -0.458169, -0.682114, -1.32275
2.03137 , -0.458117, -0.682134, -1.32347
2.03424 , -0.458739, -0.681897, -1.32425
2.03424 , -0.458739, -0.681897, -1.32425
2.03424 , -0.459082, -0.680925, -1.32503
2.03702 , -0.45903, -0.680945, -1.32575
2.03702 , -0.45903, -0.680945, -1.32575
2.03702 , -0.459653, -0.680707, -1.32653
2.03702 , -0.459374, -0.679973, -1.32653
2.04055 , -0.459374, -0.679973, -1.32653
2.04055 , -0.459718, -0.679001, -1.32731
2.04334 , -0.459718, -0.679001, -1.32731
2.04334 , -0.460114, -0.678011, -1.32737
2.04334 , -0.460114, -0.678011, -1.32737
2.04334 , -0.459836, -0.677277, -1.32737
2.04665 , -0.460511, -0.677021, -1.32742
2.04665 , -0.460233, -0.676287, -1.32742
2.04907 , -0.46063, -0.675297, -1.32748
2.04907 , -0.46063, -0.675297, -1.32748
2.04907 , -0.460353, -0.674564, -1.32748
2.05213 , -0.461029, -0.674308, -1.32753
2.05213 , -0.461427, -0.673319, -1.32759
2.05213 , -0.461151, -0.672586, -1.32759
2.05213 , -0.460926, -0.671833, -1.32686
2.05551 , -0.461602, -0.671579, -1.32692
2.05551 , -0.461326, -0.670845, -1.32692
2.05834 , -0.461102, -0.670093, -1.32619
2.05834 , -0.46183, -0.669819, -1.32552
2.05834 , -0.46128, -0.668353, -1.32552
2.06125 , -0.461057, -0.6676, -1.3248
2.06125 , -0.461786, -0.667327, -1.32413
2.06125 , -0.461512, -0.666594, -1.32413
2.06125 , -0.461968, -0.665588, -1.32346
2.06449 , -0.461747, -0.664835, -1.32274
2.06449 , -0.461527, -0.664082, -1.32201
2.06741 , -0.461581, -0.664062, -1.32129
2.06741 , -0.461985, -0.663077, -1.32134
2.06741 , -0.461767, -0.662324, -1.32062
2.07004 , -0.461549, -0.66157, -1.3199
2.07004 , -0.462009, -0.660566, -1.31923
2.07004 , -0.461792, -0.659813, -1.3185
2.07004 , -0.461847, -0.659792, -1.31778
2.07341 , -0.462309, -0.658788, -1.31711
2.07341 , -0.462716, -0.657805, -1.31716
2.07628 , -0.462502, -0.657052, -1.31644
2.07628 , -0.462288, -0.656298, -1.31572
2.07628 , -0.462074, -0.655544, -1.31499
2.07896 , -0.46254, -0.654542, -1.31432
2.07896 , -0.462327, -0.653788, -1.3136
2.07896 , -0.462384, -0.653767, -1.31288
2.08228 , -0.462852, -0.652764, -1.31221
2.08228 , -0.462641, -0.652011, -1.31148
2.08228 , -0.462431, -0.651257, -1.31076
2.08514 , -0.462842, -0.650276, -1.31081
2.08514 , -0.463579, -0.650007, -1.31014
2.08514 , -0.463371, -0.649253, -1.30942
2.08514 , -0.464108, -0.648984, -1.30874
2.08876 , -0.463901, -0.648231, -1.30802
2.08876 , -0.464314, -0.647251, -1.30807
2.09111 , -0.464373, -0.64723, -1.30735
2.09111 , -0.465525, -0.645983, -1.30673
2.09111 , -0.465585, -0.645961, -1.306
2.09409 , -0.465999, -0.644983, -1.30605
2.09409 , -0.466059, -0.644961, -1.30533
2.09409 , -0.466534, -0.643962, -1.30466
2.09738 , -0.466595, -0.64394, -1.30393
2.09738 , -0.467071, -0.64294, -1.30326
2.09738 , -0.467751, -0.642695, -1.30331
2.09998 , -0.468492, -0.642427, -1.30263
2.09998 , -0.468228, -0.641696, -1.30263
2.09998 , -0.46897, -0.641428, -1.30196
2.10308 , -0.46965, -0.641183, -1.30201
2.10308 , -0.470391, -0.640915, -1.30133
2.10308 , -0.471134, -0.640647, -1.30066
2.10621 , -0.471134, -0.640647, -1.30066
2.10621 , -0.471814, -0.640401, -1.3007
2.10621 , -0.473236, -0.639887, -1.30007
2.10899 , -0.473236, -0.639887, -1.30007
2.10899 , -0.473916, -0.639641, -1.30012
2.10899 , -0.474659, -0.639373, -1.29944
2.11176 , -0.476019, -0.638882, -1.29953
2.11176 , -0.476699, -0.638636, -1.29958
2.11176 , -0.476762, -0.638613, -1.29886
2.11486 , -0.477442, -0.638368, -1.2989
2.11486 , -0.478122, -0.638122, -1.29894
2.11486 , -0.478866, -0.637853, -1.29827
2.11784 , -0.479546, -0.637608, -1.29831
2.11784 , -0.480226, -0.637362, -1.29835
2.11784 , -0.481587, -0.636871, -1.29844
2.12066 , -0.482267, -0.636625, -1.29848
2.12066 , -0.482947, -0.636379, -1.29852
2.12066 , -0.483627, -0.636133, -1.29856
2.12396 , -0.484308, -0.635888, -1.29861
2.12396 , -0.48525, -0.636366, -1.29865
2.12396 , -0.48593, -0.636119, -1.29869
2.12686 , -0.48729, -0.635627, -1.29877
2.12686 , -0.487971, -0.635381, -1.29881
2.12686 , -0.487971, -0.635381, -1.29881
2.13011 , -0.488912, -0.635857, -1.29885
2.13011 , -0.490273, -0.635365, -1.29893
2.13011 , -0.490273, -0.635365, -1.29893
2.1327 , -0.491214, -0.635839, -1.29897
2.1327 , -0.491894, -0.635593, -1.299
2.1327 , -0.493255, -0.635099, -1.29908
2.13581 , -0.493935, -0.634853, -1.29912
2.13581 , -0.495295, -0.634359, -1.29919
2.13581 , -0.495295, -0.634359, -1.29919
2.1391 , -0.496917, -0.634585, -1.29926
2.1391 , -0.497597, -0.634338, -1.2993
2.1391 , -0.498277, -0.634091, -1.29934
2.14166 , -0.498957, -0.633844, -1.29937
2.14166 , -0.499637, -0.633597, -1.29941
2.14166 , -0.500318, -0.63335, -1.29944
2.1447 , -0.501258, -0.63382, -1.29948
2.1447 , -0.501938, -0.633573, -1.29951
2.1447 , -0.502619, -0.633325, -1.29955
2.1478 , -0.503236, -0.633101, -1.3003
2.1478 , -0.504596, -0.632607, -1.30037
2.1478 , -0.504596, -0.632607, -1.30037
2.151 , -0.505276, -0.632359, -1.3004
2.151 , -0.506637, -0.631865, -1.30047
2.151 , -0.507577, -0.632332, -1.3005
2.15366 , -0.508194, -0.632107, -1.30125
2.15366 , -0.508874, -0.631859, -1.30128
2.15366 , -0.510234, -0.631364, -1.30135
2.15678 , -0.510915, -0.631117, -1.30138
2.15678 , -0.511595, -0.630869, -1.30141
2.15678 , -0.512275, -0.630621, -1.30144
2.15982 , -0.512955, -0.630374, -1.30147
2.15982 , -0.513573, -0.630149, -1.30222
2.16239 , -0.513573, -0.630149, -1.30222
2.16239 , -0.514253, -0.629901, -1.30225
2.16239 , -0.515614, -0.629406, -1.3023
2.16239 , -0.515614, -0.629406, -1.3023
2.16606 , -0.516294, -0.629158, -1.30233
2.16606 , -0.516974, -0.628911, -1.30236
2.16606 , -0.518335, -0.628415, -1.30242
2.16882 , -0.518273, -0.628438, -1.30314
2.16882 , -0.518953, -0.628191, -1.30316
2.16882 , -0.519633, -0.627943, -1.30319
2.17197 , -0.519375, -0.627233, -1.30319
2.17197 , -0.520736, -0.626739, -1.30324
2.17197 , -0.520736, -0.626739, -1.30324
2.17474 , -0.521355, -0.626514, -1.30399
2.17474 , -0.522035, -0.626266, -1.30402
2.17756 , -0.522035, -0.626266, -1.30402
2.17756 , -0.522716, -0.626019, -1.30404
2.17756 , -0.523334, -0.625794, -1.30479
2.17756 , -0.524015, -0.625547, -1.30482
2.181 , -0.524015, -0.625547, -1.30482
2.181 , -0.524695, -0.625299, -1.30484
2.181 , -0.524377, -0.624614, -1.30556
2.18374 , -0.525057, -0.624367, -1.30559
2.18374 , -0.525738, -0.62412, -1.30561
2.18645 , -0.525738, -0.62412, -1.30561
2.18645 , -0.526357, -0.623895, -1.30636
2.18645 , -0.526357, -0.623895, -1.30636
2.18645 , -0.527038, -0.623648, -1.30638
2.18981 , -0.527038, -0.623648, -1.30638
2.18981 , -0.527658, -0.623423, -1.30712
2.19237 , -0.528338, -0.623176, -1.30715
2.19237 , -0.528278, -0.623198, -1.30787
2.19237 , -0.528958, -0.622951, -1.30789
2.19535 , -0.529639, -0.622704, -1.30791
2.19535 , -0.529579, -0.622726, -1.30864
2.19535 , -0.530259, -0.622478, -1.30866
2.19535 , -0.53094, -0.622231, -1.30868
2.19864 , -0.531561, -0.622006, -1.30942
2.19864 , -0.531561, -0.622006, -1.30942
2.20153 , -0.532241, -0.621759, -1.30944
2.20153 , -0.532862, -0.621533, -1.31019
2.20153 , -0.533483, -0.621308, -1.31093
2.20417 , -0.533483, -0.621308, -1.31093
2.20417 , -0.534105, -0.621082, -1.31167
2.20417 , -0.534105, -0.621082, -1.31167
2.20731 , -0.534727, -0.620857, -1.31242
2.20731 , -0.535407, -0.620609, -1.31243
2.20731 , -0.536088, -0.620362, -1.31245
2.21039 , -0.536029, -0.620384, -1.31318
2.21039 , -0.536652, -0.620158, -1.31392
2.21039 , -0.537332, -0.61991, -1.31394
2.21039 , -0.537274, -0.619932, -1.31466
2.21374 , -0.537955, -0.619684, -1.31468
2.21374 , -0.538636, -0.619437, -1.3147
2.21632 , -0.538578, -0.619458, -1.31542
2.21632 , -0.538833, -0.62016, -1.31542
2.21632 , -0.538775, -0.620181, -1.31614
2.21923 , -0.539456, -0.619933, -1.31616
2.21923 , -0.539456, -0.619933, -1.31616
2.21923 , -0.539398, -0.619954, -1.31688
2.22253 , -0.540079, -0.619707, -1.3169
2.22253 , -0.540079, -0.619707, -1.3169
2.22253 , -0.540022, -0.619727, -1.31762
2.2252 , -0.540022, -0.619727, -1.31762
2.2252 , -0.540958, -0.62018, -1.31764
2.2252 , -0.540901, -0.620201, -1.31836
2.2282 , -0.540901, -0.620201, -1.31836
2.2282 , -0.540901, -0.620201, -1.31836
2.2282 , -0.54178, -0.620674, -1.3191
2.23145 , -0.54178, -0.620674, -1.3191
2.23145 , -0.54178, -0.620674, -1.3191
2.23145 , -0.541724, -0.620695, -1.31982
2.23413 , -0.541724, -0.620695, -1.31982
2.23413 , -0.541724, -0.620695, -1.31982
2.23413 , -0.541724, -0.620695, -1.31982
2.23704 , -0.541979, -0.621395, -1.31982
2.23704 , -0.541923, -0.621415, -1.32055
2.23704 , -0.541923, -0.621415, -1.32055
2.24015 , -0.541923, -0.621415, -1.32055
2.24015 , -0.542179, -0.622115, -1.32055
2.24015 , -0.542179, -0.622115, -1.32055
2.24357 , -0.542179, -0.622115, -1.32055
2.24357 , -0.542123, -0.622136, -1.32127
2.24357 , -0.542379, -0.622836, -1.32127
2.24584 , -0.542379, -0.622836, -1.32127
2.24584 , -0.542635, -0.623536, -1.32127
2.24584 , -0.542635, -0.623536, -1.32127
2.24896 , -0.542635, -0.623536, -1.32127
2.24896 , -0.542635, -0.623536, -1.32127
2.24896 , -0.542892, -0.624236, -1.32127
2.25211 , -0.542892, -0.624236, -1.32127
2.25211 , -0.542892, -0.624236, -1.32127
2.25211 , -0.542212, -0.624485, -1.32125
2.25519 , -0.542469, -0.625185, -1.32125
2.25519 , -0.542469, -0.625185, -1.32125
2.25519 , -0.542469, -0.625185, -1.32125
2.25784 , -0.542469, -0.625185, -1.32125
2.25784 , -0.542726, -0.625885, -1.32125
2.25784 , -0.542726, -0.625885, -1.32125
2.26082 , -0.542726, -0.625885, -1.32125
2.26082 , -0.542726, -0.625885, -1.32125
2.26082 , -0.542983, -0.626585, -1.32125
2.26427 , -0.542983, -0.626585, -1.32125
2.26427 , -0.542304, -0.626835, -1.32124
2.26427 , -0.542304, -0.626835, -1.32124
2.26692 , -0.542304, -0.626835, -1.32124
2.26692 , -0.542304, -0.626835, -1.32124
2.26692 , -0.542304, -0.626835, -1.32124
2.26965 , -0.542562, -0.627535, -1.32124
2.26965 , -0.542562, -0.627535, -1.32124
2.26965 , -0.542562, -0.627535, -1.32124
2.27299 , -0.542562, -0.627535, -1.32124
2.27299 , -0.542562, -0.627535, -1.32124
2.27299 , -0.542562, -0.627535, -1.32124
2.27596 , -0.542562, -0.627535, -1.32124
2.27596 , -0.542562, -0.627535, -1.32124
2.27596 , -0.542562, -0.627535, -1.32124
2.27873 , -0.542562, -0.627535, -1.32124
2.27873 , -0.542562, -0.627535, -1.32124
2.27873 , -0.54282, -0.628235, -1.32124
2.28191 , -0.54282, -0.628235, -1.32124
2.28191 , -0.54282, -0.628235, -1.32124
2.28191 , -0.54282, -0.628235, -1.32124
2.28495 , -0.54282, -0.628235, -1.32124
2.28495 , -0.54282, -0.628235, -1.32124
